Product,Sales_Count
SET OF 6 SPICE TINS SKETCHBOOK,45
CHRISTMAS CANDLE SET,44
TAPE DISPENSER,41
SET/6 RED SPOTTY PAPER PLATES,40
LUNCH BAG SUKI DESIGN,40
WOODEN FRAME ANTIQUE WHITE,39
COFFEE MUG PEARS DESIGN,39
COFFEE MUG GREEN POLKA DOT,38
VACUUM CLEANER,38
CUP AND SAUCER SET,38
BLUETOOTH SPEAKER,38
PACK OF 72 RED SPOT CAKE CASES,38
COFFEE MUG BLUE POLKA DOT,37
LUNCH BAG PINK POLKA DOT,37
OFFICE CHAIR,37
CHARGER,36
BOX OF 6 ASSORTED ALPHABET BLOCKS,36
CHRISTMAS GARLAND,36
PRINTER PAPER,36
WOODEN FRAME BLACK,36
COLOURING PENCILS BROWN TUBE,36
TEA SET,35
CHRISTMAS TABLE CLOTH,35
PLASTERS IN TIN WOODLAND ANIMALS,35
METAL HOOK RACK 5 HOOKS BLACK,35
SET OF 4 KNICK KNACK TINS,35
TRAVEL BAG,35
CRAFT KIT,35
LUNCH BAG CARS RED,35
HAND TOWEL SET,35
GLUE STICK,35
SET/6 RED SPOTTY PAPER CUPS,35
CHRISTMAS TABLE RUNNER,35
CHRISTMAS WREATH,34
DESK MAT,34
COFFEE MUG PINK POLKA DOT,34
BATHROOM TOWEL SET,34
SEWING KIT,34
DUVET COVER,34
REGENCY CAKESTAND 3 TIER,34
METAL HOOK RACK 3 HOOKS WHITE,34
PLASTERS IN TIN BLUE SPOTS,34
TABLE LAMP,34
WOODEN FRAME PAINTED GREEN,34
WOODEN FRAME PAINTED PINK,34
BOOKSHELF,33
COFFEE MUG APPLES DESIGN,33
CHRISTMAS LIGHTS ICICLE,33
WINE GLASS SET,33
SET OF 6 HERB TINS,33
